airport_ident,type,description,frequency_mhz
EG74,A/G,RDO,122.825
EGAA,APP,APP,128.5
EGAA,ATIS,ATIS,128.2
EGAA,GND,GND,121.75
EGAA,ILS 17,,110.9
EGAA,ILS 25,,109.9
EGAA,OPS,OPS,26.48
EGAA,RDR,DIRECTOR,120.9
EGAA,TWR,TWR,118.3
EGAB,A/G,RDO,123.205
EGAC,APP,BELFAST APP,130.85
EGAC,ATIS,ATIS,136.625
EGAC,TWR,BELFAST TWR,122.825
EGAD,A/G,Newtownards A/G,128.305
EGAE,APP,Eglinton Approach,123.625
EGAE,ATIS,Eglinton Information,119.38
EGAE,TWR,Eglinton Tower,134.155
EGBB,APP,APP,118.05
EGBB,APP,,123.975
EGBB,ATIS,ATIS,136.02
EGBB,Fire,,121.6
EGBB,GND,GND,121.8
EGBB,TWR,TWR,118.3
EGBD,A/G,Derby A/G,118.35
EGBF,A/G,A/G,119.025
EGBF,A/G,Breighton Radio,129.8
EGBG,A/G,RDO,122.125
EGBJ,APP,GLOSTER APP,128.55
EGBJ,ATIS,ATIS,127.475
EGBJ,EMR,FIRE,121.6
EGBJ,RDR,RADAR,120.975
EGBJ,TWR,GLOSTER TWR,122.9
EGBK,A/G,Northampton Sywell A/G,122.7
EGBK,AFIS,Northampton Sywell AFIS,122.7
EGBM,A/G,Tatenhill A/G,124.075
EGBN,A/G,A/G VOICE RDO,134.875
EGBO,APP,APP,123
EGBO,ATIS,ATIS,124.875
EGBO,TWR,TWR,123
EGBP,AFIS,INFO,118.9
EGBP,AFIS 2,Cotswolds Information 2,118.43
EGBP,STO,Starrspeed Training Ops,131.61
EGBP,ZAO,Zero Avia Ops,131.94
EGBS,AFIS,Shobdon Information,118.155
EGBS,RDO,Shobdon Radio,118.155
EGBT,A/G,Turweston Radio,122.18
EGBT,A/G (other),Turweston Radio (other),122.175
EGBW,AFIS,INFO,124.03
EGCB,AFIS,Manchester Barton AFIS,120.25
EGCC,APP,APP,135
EGCC,ATIS,ATIS,128.175
EGCC,CLD,CLNC DEL,121.7
EGCC,GND,GND,121.85
EGCC,TWR,TWR,118.625
EGCC,TWR,,119.4
EGCF,A/G,Sandtoft A/G,130.425
EGCJ,A/G,Sherburn in Elmet A/G,126.6
EGCJ,RAD/APP,Sherburn in Elmet RAD/APP,126.5
EGCK,A/G,RDO,122.225
EGCL,A/G,Fenland Radio,122.93
EGCS,A/G,Sturgate A/G,130.3
EGCT,A/G,Tilstock A/G,122.075
EGCV,A/G,Sleap A/G,122.45
EGCW,A/G,RDO,128
EGDC,A/G,RDO,130.2
EGDJ,Nationwide Glide,gliders,129.975
EGDJ,Ops,Salisbury Ops,122.75
EGDM,APP,APP,130
EGDM,ATIS,ATIS,27.572
EGDM,CAC,ZONE,126.7
EGDM,DIR,DIR,130
EGDM,GND,GND,130.75
EGDM,TWR,TWR,130.75
EGDN,A/G,Netheravon A/G,128.3
EGDN,AFIS,Netheravon AFIS,128.3
EGDO,APP,APP,134.05
EGDO,TWR,TWR,122.1
EGDR,APP,APP,134.05
EGDR,ATIS,ATIS,23.185
EGDR,GND,GND,122.1
EGDR,OPS,OPS,572.5
EGDR,TWR,TWR,122.1
EGDX,APP,APP,126.625
EGDX,ATIS,ATIS,34.045
EGDX,GND,GND,24.112
EGDX,MISC,CARDIFF ATIS,132.475
EGDX,TWR,TWR,118.125
EGDY,APP,RADAR,127.35
EGDY,ATIS,ATIS,28.392
EGDY,GND,GND,26.862
EGDY,OPS,OPS,673.6
EGDY,TWR,TWR,122.1
EGEC,AFIS,Cambeltown Information,125.905
EGEF,A/G,Fair Isle A/G,118.025
EGEL,A/G,Coll Radio,125
EGEN,RAD/APP,North Ronaldsay RAD/APP,118.3
EGEO,AFIS,Oban Information,118.055
EGET,A/G,Lerwick Tingwall A/G,122.6
EGEW,RAD/APP,Westray RAD/APP,118.3
EGEY,A/G,A/G,123.8
EGFA,AFIS,AFIS/AG,122.15
EGFD,CAC,LONDON MIL,29.252
EGFD,TWR,TWR,118.93
EGFE,A/G,RDO,122.2
EGFF,APP,Cardiff Approach,119.155
EGFF,APP,Cardiff Radar,125.855
EGFF,Area Control,Cardiff Radar,133.6
EGFF,ATIS,ATIS,132.48
EGFF,FIRE,Cardiff Fire,121.6
EGFF,TWR,Cardiff Tower,133.105
EGFH,A/G,RDO,119.7
EGFP,A/G,Pembrey A/G,124.4
EGFP,RAD/APP,Pembrey RAD/APP,124.4
EGFP,TWR,Pembrey TWR,124.4
EGGD,ATIS,ATIS,126.025
EGGD,GND,GND,121.925
EGGD,RDR,RDR,136.075
EGGD,TWR,TWR,133.85
EGGP,APP,APP,119.85
EGGP,ATIS,ATIS,124.33
EGGP,GND,GND,121.95
EGGP,TWR,TWR,126.35
EGGW,APP,APP,129.55
EGGW,ATIS,ATIS,120.575
EGGW,GND,GND,121.75
EGGW,TWR,TWR,132.55
EGHA,A/G,Compton Abbas A/G,122.7
EGHC,A/G,Lands End St.Just A/G,130.7
EGHC,RAD/APP,Lands End St.Just RAD/APP,130.7
EGHC,TWR,Lands End St.Just TWR,130.7
EGHE,RAD/APP,Scilly Isles St.Mary's RAD/APP,123.15
EGHE,TWR,Scilly Isles St.Mary's TWR,123.15
EGHF,Information,Lee Information,118.93
EGHG,A/G,Yeovil Westland A/G,125.4
EGHG,RAD/APP,Yeovil Westland RAD/APP,130.8
EGHG,TWR,Yeovil Westland TWR,125.4
EGHH,APP,APP,119.475
EGHH,ATIS,ATIS,121.95
EGHH,GND,GND,121.7
EGHH,TWR,TWR,125.6
EGHI,APP,Solent Radar,120.23
EGHI,APP,Southampton Approach,122.73
EGHI,ATIS,Southampton Information,130.88
EGHI,OPS,OPS,130.65
EGHI,TWR,Southampton Tower,118.205
EGHJ,A/G,Bembridge A/G,123.25
EGHL,APP,FARNBOROUGH APP,125.25
EGHL,MISC,GLIDER OPR,129.9
EGHN,A/G,Isle of Wight Sandown A/G,123.5
EGHO,A/G,Thruxton A/G,130.45
EGHP,A/G,Popham A/G,129.805
EGHQ,APP,APP,133.4
EGHQ,ATIS,ATIS,127.4
EGHQ,DIR,DIRECTOR,125.55
EGHQ,GND,GND,121.95
EGHQ,OPS,OPS,131.8
EGHQ,RADAR,ZONE ?,127.925
EGHQ,TWR,TWR,134.375
EGHR,AFIS,Goodwood Information,122.455
EGHS,A/G,Henstridge A/G,130.25
EGHU,A/G,Eaglescott A/G,123
EGHY,A/G,Truro A/G,129.8
EGJA,APP,GUERNSEY APP,128.65
EGJA,GND,GND,130.5
EGJA,TWR,TWR,125.35
EGJB,APP,APP,128.65
EGJB,ATIS,ATIS,109.4
EGJB,GND,GND,121.8
EGJB,TWR,TWR,119.95
EGJJ,APP/DEP,APP/DEP,118.555
EGJJ,APP/DEP,APP/DEP,120.305
EGJJ,ATIS,INFO,134.68
EGJJ,GND,GND,121.905
EGJJ,TWR,TWR,119.455
EGJJ,TWR,TWR,120.45
EGJJ,TWR/APP/DEP,TWR/APP/DEP,125.205
EGKA,A/G,RDO,123.155
EGKA,APP,APP,123.155
EGKA,ATIS,ATIS,130.975
EGKA,TWR,TWR,125.405
EGKB,APP,APP,129.405
EGKB,ATIS,ATIS,135.68
EGKB,GND,,121.63
EGKB,RDR,THAMES RDR,132.7
EGKB,TWR,TWR,134.805
EGKH,A/G,Lashenden Headcorn A/G,122
EGKK,APP,APP,126.825
EGKK,ATIS,ATIS,136.525
EGKK,CLD,CLNC DEL,121.955
EGKK,Dir,Director,118.95
EGKK,GND,GND,121.805
EGKK,TWR,TWR,124.23
EGKL,A/G,Deanland Radio,129.73
EGKR,ATIS,ATIS,125.305
EGKR,TWR,Redhill TWR,119.605
EGLA,A/G,Bodmin A/G,122.7
EGLC,APP,APP,132.7
EGLC,ATIS,ATIS,136.35
EGLC,GND,GND,121.825
EGLC,TWR,TWR,118.075
EGLD,A/G,Denham Radio,130.73
EGLD,AFIS,Denham Radio,130.73
EGLF,APP,APP,134.35
EGLF,ATIS,ATIS,128.4
EGLF,DIR,DIRECTOR,130.05
EGLF,LARS,Farnborough East Radar,123.225
EGLF,LARS,Farnborough West Radar,125.25
EGLF,LARS,Farnborough North Radar,132.8
EGLF,MISC,Farnborough Fire,121.6
EGLF,OPS,TAG Aviation,130.375
EGLF,TWR,TWR,122.5
EGLJ,RDO,RDO,125.4
EGLK,AAS,AFIS INFO,122.3
EGLL,ATIS,Heathrow ATIS,113.75
EGLL,ATIS,Heathrow ATIS (Arrival),115.1
EGLL,ATIS,Heathrow ATIS (Departure),121.935
EGLL,ATIS,Heathrow ATIS,128.075
EGLL,CLD,Heathrow Delivery,121.975
EGLL,DIR,Heathrow Director,119.725
EGLL,DIR,Heathrow Director,120.4
EGLL,DIR,Heathrow Director,127.525
EGLL,DIR,Heathrow Director,134.975
EGLL,GND,Heathrow Ground,121.7
EGLL,GND,Heathrow Ground,121.85
EGLL,GND,Heathrow Ground,121.9
EGLL,TWR,Heathrow Tower,118.5
EGLL,TWR,Heathrow Tower,118.7
EGLL,TWR,Heathrow Tower,124.475
EGLM,A/G,Waltham Radio,122.6
EGLM,AFIS,Waltham Information,122.6
EGLP,Brimpton radio,,135.125
EGLS,A/G,Old Sarum A/G,123.205
EGMA,A/G,Fowlmere A/G,120.925
EGMA,A/G,,135.7
EGMC,APP,APP,130.775
EGMC,ATIS,ATIS,121.8
EGMC,RDR,RDR,130.775
EGMC,TWR,TWR,127.725
EGMD,APP,Lydd Approach,120.7
EGMD,ATIS,,129.225
EGMD,TWR,TWR,128.525
EGMJ,A/G,Little Gransden A/G,130.85
EGNC,A/G,RDO,123.6
EGNC,APP,APP,123.6
EGNC,ATIS,ATIS,118.425
EGNC,TWR,TWR,123.6
EGNE,A/G,RDO,130.475
EGNF,A/G,Netherthorpe A/G,123.275
EGNG,A/G,Air/Ground,123.25
EGNH,APP,APP,119.95
EGNH,ATIS,ATIS,121.75
EGNH,TWR,TWR,118.4
EGNI,A/G,,132.425
EGNJ,APP,,119.13
EGNJ,APP/RAD,,129.255
EGNJ,ATIS,,124.13
EGNJ,TWR,8.33 conversion planned oct. 2018,124.905
EGNL,AFIS,INFO,123.2
EGNM,APP,APP,123.38
EGNM,APP,,134.58
EGNM,ATIS,ATIS,118.025
EGNM,DEL,,121.805
EGNM,ILS Rw 32/14,,110.9
EGNM,TWR,TWR,120.305
EGNO,APP,APP,129.525
EGNO,ATIS,ATIS,121.725
EGNO,RDR,RDR,129.525
EGNO,TWR,TWR,130.8
EGNR,APP,listening squawk 4607,120.055
EGNR,APP/RAD,,130.015
EGNR,ATIS,,125.43
EGNR,TWR,TWR,124.955
EGNS,APP,Ronaldsway Approach,135.905
EGNS,ATIS,Ronaldsway Information,123.875
EGNS,RAD,Ronaldsway Radar,120.85
EGNS,RAD,Ronaldsway Radar,125.3
EGNS,RAD,Ronaldsway Radar,135.905
EGNS,TWR,Ronaldsway Tower,119.005
EGNT,APP,APP,124.375
EGNT,ATIS,ATIS,118.375
EGNT,GND,GND,121.725
EGNT,ILS,Runway 07/25 ILS,111.5
EGNT,TWR,TWR,119.7
EGNU,A/G,Full Sutton A/G,132.325
EGNV,ATIS,ATIS,132.375
EGNV,RADAR,Durham Radar,118.85
EGNV,TWR,Durham Tower,119.8
EGNW,A/G,Wickenby A/G,122.45
EGNW,A/G,Wickenby A/G,122.45
EGNX,APP,APP,134.175
EGNX,ATIS,ATIS,122.675
EGNX,Fire service,,121.6
EGNX,GND,GND,121.9
EGNX,TWR,TWR,124
EGNY,A/G,Beverley Linley Hill A/G,123.05
EGOE,APP,SHAWBURY APP,28.2
EGOE,GND,GND,27.902
EGOE,TWR,TWR,122.1
EGOQ,APP,VALLEY APP,122.225
EGOQ,RDO,RDO,118.95
EGOQ,RDR,RDR,125.225
EGOQ,TWR,TWR,119.75
EGOS,ATIS,ATIS,28.427
EGOS,DIR,DIRECTOR,123.3
EGOS,GND,GND,38.945
EGOS,MISC,ZONE,120.775
EGOS,OPS,OPS,36.912
EGOS,TWR,TWR,122.1
EGOS,ZONE,APP,133.155
EGOV,APP,APP,134.35
EGOV,ATIS,ATIS,120.725
EGOV,GND,GND,122.1
EGOV,RDR,RADAR,125.225
EGOV,TWR,TWR,122.1
EGOW,A/G,RDO,121
EGOW,APP,APP,121
EGOW,APP,,282.57
EGOW,TWR,TWR,119.75
EGOW,TWR,,278.2
EGPA,APP,APP,118.305
EGPA,TWR,Kirkwall Tower,118.305
EGPB,APP,RADAR,131.3
EGPB,ATIS,ATIS,125.85
EGPB,TWR,TWR,118.25
EGPC,AFIS,INFO,119.705
EGPC,APP,APP,119.705
EGPC,ATIS,ATIS,113.6
EGPC,TWR,TWR,119.705
EGPD,APP,ABERDEEN APP,119.055
EGPD,ATIS,ABERDEEN ATIS,121.855
EGPD,GND,ABERDEEN GND,121.705
EGPD,INFO,ABERDEEN INFO,135.175
EGPD,RADAR,Aberdeen Director,128.305
EGPD,RDR,Aberdeen Offshore Radar,134.1
EGPD,TWR,ABERDEEN TWR,118.1
EGPE,APP,APP,122.605
EGPE,ATIS,ATIS,109.2
EGPE,RDR,RDR,122.605
EGPE,TWR,Inverness Tower,118.405
EGPE,TWR,TWR (when TWR/APP combined),122.605
EGPF,ACC,SHANWICK OCEANIC,120.35
EGPF,APP,APP,119.105
EGPF,ATIS,ATIS,129.58
EGPF,Everything,,455.837
EGPF,GND,GND,121.705
EGPF,TWR,Glasgow Tower,118.805
EGPG,AFIS,Cumbernauld AFIS,120.6
EGPH,APP,APP,121.2
EGPH,ATIS,ATIS,131.35
EGPH,GND,GND,121.75
EGPH,TWR,TWR,118.7
EGPI,AFIS,Islay Information,123.155
EGPJ,A/G,Fife Radio,130.455
EGPK,APP,APP,120.55
EGPK,ATIS,ATIS,121.125
EGPK,RADAR,Prestwick Radar,129.45
EGPK,TWR,TWR,118.15
EGPL,APP,APP,119.205
EGPL,ATIS,ATIS,113.95
EGPL,TWR,TWR,119.205
EGPN,APP,APP,122.905
EGPN,ATIS,ATIS,119.33
EGPN,TWR,TWR,122.905
EGPO,AFIS,AFIS,119.48
EGPO,APP,APP,119.48
EGPO,ATIS,ATIS,115.1
EGPO,TWR,TWR,119.48
EGPR,AFIS,Barra AFIS,118.075
EGPS,A/G,Longside Radio,118.28
EGPS,Info,Lomgside radio,130.575
EGPT,A/G,Perth Scone A/G,121.08
EGPU,INFO,AFIS,122.705
EGPW,A/G,Unst A/G,130.35
EGPW,AFIS,Unst AFIS,130.35
EGQL,APP,APP,123.3
EGQL,ATIS,ATIS,36.925
EGQL,DEP,DEP,126.5
EGQL,GND,GND,122.1
EGQL,OPS,OPS,37.007
EGQL,TWR,TWR,122.1
EGQS,APP,APP,123.3
EGQS,ATIS,ATIS,26.477
EGQS,DEP,DEP,119.35
EGQS,DIR,DIRECTOR,123.3
EGQS,GND,GND,118.2
EGQS,OPS,OPERATIONS,36.93
EGQS,RDR,RDR,118.9
EGQS,TWR,TWR,118.2
EGSC,APP,Cambridge Approach,123.6
EGSC,ATIS,Cambridge Information,134.6
EGSC,RDR,Cambridge Radar,124.975
EGSC,TWR,Cambridge Tower,122.2
EGSF,A/G,RDO,129.725
EGSG,A/G,Stapleford A/G,122.8
EGSH,APP,Norwich Approach,119.355
EGSH,ATIS,Norwich Information,128.63
EGSH,DIR,Norwich Director,128.33
EGSH,HAN,Norwich Handling,131.855
EGSH,RDR,Norwich Radar / LARS,119.355
EGSH,TWR,Norwich Tower,124.255
EGSJ,A/G,Seething Radio,118.435
EGSL,A/G,Andrewsfield Radio,130.555
EGSL,AFIS,Andrewsfield AFIS,130.555
EGSM,A/G,Beccles A/G,120.375
EGSO,A/G,Crowfield A/G,122.775
EGSO,APP,Wattisham APP,125.8
EGSP,A/G,,120.325
EGSP,A/G,Peterborough Sibson A/G,122.3
EGSQ,A/G,Clacton A/G,118.15
EGSR,A/G,Earls Colne A/G,122.425
EGSS,APP,Stansted Radar,120.625
EGSS,ATIS,ATIS,127.175
EGSS,CLD,CLNC DEL,121.95
EGSS,DIR,DIRECTOR,136.2
EGSS,GND,GND,121.725
EGSS,RDR,Director,136.2
EGSS,TWR,TWR,123.8
EGST,A/G,Elmsett A/G,130.9
EGSU,A/G / AFIS,A/G / Duxford Information,122.08
EGSU,FIRE,Duxford Fire,121.605
EGSU,INFO / A/G,Duxford Information / A/G,122.075
EGSV,A/G,Buckenham Radio,124.405
EGSX,A/G,RDO,123.525
EGTB,GND,Wycombe ground,121.77
EGTB,TWR,Wycombe tower,126.55
EGTC,APP,APP,122.85
EGTC,ATIS,ATIS,121.875
EGTC,TWR,,122.85
EGTC,TWR,TWR,134.925
EGTD,CTAF,DUNSFOLD RADIO,119.1
EGTE,APP,APP,128.975
EGTE,ATIS,ATIS,119.325
EGTE,Radar,EXETER Radar,123.57
EGTE,TWR,TWR,119.8
EGTF,A/G,Fairoaks Radio,123.43
EGTF,AFIS,Fairoaks AFIS,123.43
EGTH,A/G / AFIS,Air to Ground and AFIS,130.705
EGTK,APP,OXFORD APP,125.325
EGTK,APP,,127.75
EGTK,ATIS,OXFORD ATIS,136.225
EGTK,GND,OXFORD GND,121.95
EGTK,LARS,Brize Radar (normal working hrs only),124.27
EGTK,TWR,TWR - Use at w/ends,133.425
EGTK,TWR,OXFORD TWR,133.425
EGTO,AFIS,Rochester AFIS,122.255
EGTP,A/G,Perranporth A/G,119.75
EGTR,A/G,Elstree A/G,122.4
EGTR,AFIS,Elstree AFIS,122.4
EGTU,A/G,Dunkeswell Radio,123.48
EGTW,A/G,Oaksey Park A/G,132.23
EGUB,APP,APP,376.65
EGUB,APP vhf,,136.45
EGUB,ATIS,ATIS,282.525
EGUB,Director,,356.125
EGUB,GRN,,121.8
EGUB,TWR,TWR,127.15
EGUB,TWR,,318.1
EGUB,Zone / CAC,,120.9
EGUD,Tower,Tower,121.1
EGUL,APP,APP,136.5
EGUL,APP,,142.82
EGUL,ATIS,ATIS,35.672
EGUL,CAC,CAC LONDON MIL,27.777
EGUL,DEP,DEP,25.03
EGUL,GND,GND,375.45
EGUL,PMSV,PMSV  METRO,28.442
EGUL,POST,COMD POST,37.98
EGUL,PTD,PTD,24.447
EGUL,RDR,RADAR,128.9
EGUL,TWR,TWR,122.1
EGUL,TWR,,338.92
EGUN,APP,LAKENHEATH APP,136.5
EGUN,ATIS,ATIS,37.55
EGUN,CAC,CAC,27.777
EGUN,DEP,LAKENHEATH DEP,25.03
EGUN,GND,GND,121.675
EGUN,OPS,AMC AIRLIFT AMCC,131.975
EGUN,PMSV,PMSV METRO,28.442
EGUN,POST,100 ARW COMD POST,31.355
EGUN,PTD,PTD,131.975
EGUN,TWR,TWR,122.55
EGUW,A/G,AIR GND,125.8
EGUW,APP,APP,123.3
EGUW,DIR,DIRECTOR,123.3
EGUW,TWR,TWR,122.1
EGVA,APP,APP,119
EGVA,CAC,CAC,124.275
EGVA,DIR,BRIZE DIRECTOR,133.75
EGVA,GND,GND,234.25
EGVA,PMSV,PMSV METRO,25.775
EGVA,PTD,PDT,233.47
EGVA,TWR,TWR,119.15
EGVA,TWR,,338.22
EGVN,APP,,127.25
EGVN,ATIS,ATIS,126.5
EGVN,CAC,Non-Zone Radar Service (See LARS),124.275
EGVN,DEP,,127.25
EGVN,GND,GND,121.725
EGVN,LARS,Lower Airspace Radar Service (0900L-1700L),124.275
EGVN,OPS,OPS,135.75
EGVN,RDR,Director Radar,133.75
EGVN,TWR 1,Primary,123.725
EGVN,TWR 2,Stby,123.55
EGVN,ZONE,Brize CTR.  Zone Control/Transits,119
EGVO,APP,APP,131.3
EGVO,APP,,234.35
EGVO,ATIS,ATIS,379.37
EGVO,GND,GND,24.102
EGVO,INFO,FIS,122.1
EGVO,MISC,FARNBOROUGH LARS,125.25
EGVO,RDR,Talkdown,123.3
EGVO,RDR,Talkdown,278.22
EGVO,RDR,Talkdown,385.4
EGVO,RDR,,386.77
EGVO,TWR,TWR,122.1
EGVO,TWR,,257.8
EGVO,TWR,,258.72
EGVP,APP,,280.62
EGVP,RAD/APP,Middle Wallop RAD/APP,118.275
EGVP,TWR,Middle Wallop TWR,118.275
EGVP,TWR,,118.6
EGVP,TWR,,357.02
EGWC,APP,APP,135.875
EGWC,APP,,376.42
EGWC,GND,GND,128.65
EGWC,GRN,,241.4
EGWC,RDR,SHAWBURY ZONE,28.2
EGWC,TWR,TWR,128.65
EGWC,TWR,,378.65
EGWE,A/G,Henlow A/G,121.1
EGWN,A/G,Halton A/G,130.43
EGWN,A/G (historical),Halton A/G (historical),130.425
EGWN,Airshows/A/G,Airshows / Event Air-to-Ground,123.35
EGWN,Ground,Halton Military Ground,356.275
EGWU,APP,APP,126.45
EGWU,ATIS,,125.125
EGWU,ATIS,ATIS,300.35
EGWU,DEP,,120.325
EGWU,DEP,DEP,129.125
EGWU,DIR,,130.35
EGWU,GRN,,121.575
EGWU,OPS,OPS,132.65
EGWU,RDR,Talk down,125.875
EGWU,TWR,TWR,120.675
EGWU,TWR,,281.175
EGXC,APP,APP,120.8
EGXC,APP,,282.72
EGXC,ATIS,ATIS,280.3
EGXC,CAC,CAC,27.777
EGXC,DEP,DEP,376.35
EGXC,GND,GND,122.1
EGXC,grn,,279.7
EGXC,OPS,OPS,23.467
EGXC,TWR,TWR,124.675
EGXE,APP,,123.3
EGXE,APP,APP,127.75
EGXE,APP,,386.57
EGXE,ATIS,ATIS,369.475
EGXE,GND,GND,379.9
EGXE,MISC,ZONE,127.75
EGXE,OPS,OPS,259.025
EGXE,TWR,TWR,120.5
EGXE,TWR,,368.92
EGXG,Info,Fenton Radio,126.5
EGXH,APP,APP,123.3
EGXH,RDR,LAKENHEATH RADAR,128.9
EGXH,TWR,TWR/Common Mil,122.1
EGXH,TWR,,278.62
EGXT,APP,APP,130.2
EGXT,ATIS,ATIS,242.47
EGXT,CAC,LONDON MIL,29.997
EGXT,DEP,DEP/DIR,278.45
EGXT,GND,GND,369.22
EGXT,GRN,,125.525
EGXT,TWR,TWR,125.525
EGXT,TWR,,372.22
EGXW,APP,APP,250.85
EGXW,ATIS,ATIS,29.167
EGXW,CAC,CAC,27.777
EGXW,DEP,DEP,123.3
EGXW,GND,GND,342.12
EGXW,MISC,ZONE,127.35
EGXW,OPS,OPS,386.625
EGXW,TWR,TWR,256.67
EGXY,A/G,RDO,125.425
EGXZ,APP,APP,125
EGXZ,APP,,293.775
EGXZ,DIR,,255.6
EGXZ,GND,GND,241.875
EGXZ,TWR,TWR,122.1
EGXZ,TWR,,379.75
EGYD,APP,APP,119.375
EGYD,APP,,280.775
EGYD,ATIS,ATIS,135.675
EGYD,ATIS,,233.628
EGYD,CAC,CAC,27.777
EGYD,DEP,DEP,119.375
EGYD,DEP,,275.675
EGYD,GND,GND,36.92
EGYD,GRN,,240.425
EGYD,TWR,TWR,125.05
EGYD,TWR,,268.625
EGYE,APP,CRANWELLL APP,28.077
EGYE,ATIS,,124.2
EGYE,ATIS,ATIS,293.45
EGYE,DEP,DEP,119.375
EGYE,DEP,,355.95
EGYE,GND,GND,389.45
EGYE,TWR,TWR,120.425
EGYE,TWR,,281.225
EGYM,APP,APP,124.15
EGYM,APP,,233.075
EGYM,ATIS,ATIS,277.225
EGYM,DIR,DIRECTOR,124.15
EGYM,DIR,Director,377.475
EGYM,GND,GND,389.4
EGYM,OPS,OPS,284
EGYM,TWR,TWR,122.1
EGYM,TWR,,281.15
ES-0001,APP,Sevilla APP,128.5
ES-0001,RDO,Trebujena Radio (Blind transmissions only),123.325
ES-0001,TWR,Jerez Tower,118.55
ES-0002,CTAF,Vinaròs Radio,130.125
ES-0010,CTAF,,129.85
ES-0012,RADIO,,130.125
ES-0020,AutoInfo,,130.125
ES-0024,info,,130.125
ES-0069,TWR,Marugán,123.5
ES-0098,Banda Aèria,,130.125
ES-0111,VHF,,131.125
ES-0123,auto informacion,,130.125
ES-0132,CTAF,,130.125
ES-0148,VHF,,131.125
ES-0158,CTAF,Olocau Radio,130.125
ES-0162,Info,,129.975
ES-0167,CTAF,La Llosa radio,130.1
ES-0175,RADIO,,135.125
ES-0178,VHF,,130.125
ES-0219,VFR,,129.975
ES-0219,VFR,,129.975
ES-0263,A/A,Sierra Morena,123.5
GB-0002,A/G,Fishburn Radio,118.28
GB-0007,A/G,Enstone Radio,129.875
GB-0008,safetycom,causeway radio,135.475
GB-0026,Safety Comm,Newton Peveril Traffic,135.475
GB-0037,A/G,White Ox Mead Traffic,135.48
GB-0038,A/G,Eshott Radio,122.85
GB-0038,APP,Newcastle Approach,124.375
GB-0042,A/G,Lower Upham Radio,123.05
GB-0044,Safety Comm,Safety Comm,135.475
GB-0045,A/G,A/G,129.825
GB-0045,Safety Comm,Safety Comm,135.475
GB-0046,Safety Comm,Safety Comm,135.475
GB-0047,A/G,Cromer Radio A/G,129.825
GB-0048,DAAIS,Tain Range,122.75
GB-0048,SAFETYCOM,Easter Traffic,135.48
GB-0049,Safety Comm,Bowerswaine Farm Traffic,135.475
GB-0050,Safety Comm,Wing Farm Traffic,135.475
GB-0051,Safety Comm,Colemore Common Traffic,135.475
GB-0052,A/G,Eggesford Radio,123.5
GB-0058,ATF,Boston Traffic,135.475
GB-0062,Safety Comm,Branscombe Traffic,135.475
GB-0063,Safety Comm,,135.475
GB-0064,A/G,Ashcroft Radio,122.525
GB-0065,Safety com,Audley End Radiop,135.475
GB-0068,Safety Comm,Gigha traffic/Safety Comm,135.475
GB-0073,RDO,Hinton Radio,119.45
GB-0075,A/G,York Radio A/G,119.625
GB-0177,A/G,"new! 8,33 !",123.205
GB-0180,Safetycom,Strathaven Traffic,120.31
GB-0182,A/G,Kirkby Radio,121.18
GB-0182,A/G (Historical),Kirkby Radio (Historical),121.175
GB-0185,Wadswick Traffic,,120.075
GB-0198,A/G,Priory Micro,129.825
GB-0201,Safetycom,Glenswinton Traffic,135.475
GB-0202,Safetycom,,135.475
GB-0203,Radio,WestonZoyland Traffic,129.83
GB-0204,Info,,129.825
GB-0205,A/G,,130.38
GB-0208,Info,,135.475
GB-0240,A/G,,130.43
GB-0248,RADIO,Rufforth Radio,123.815
GB-0248,SafetyCom,,135.475
GB-0279,A/G,Stoke Golding Base,129.825
GB-0316,Info,Napps Traffic,135.475
GB-0341,A/G,Garton Radio,122.075
GB-0357,SafetyCom,Bute Traffic,135.475
GB-0365,SafetyCom,,135.475
GB-0368,Info,Sandy Radio,129.825
GB-0369,SafetyCom,Darley Moor Traffic,135.475
GB-0414,Gliding Club,Gliding Club (Oxford Gliding Club),164.025
GB-0414,SUAAIS,Special Use Airspace Advisory Information Service,119
GB-0414,UHF AM,RAF Weston-on-the-Green Radio UHF,241.675
GB-0414,VHF AM,RAF Weston-on-the-Green Radio,120.09
GB-0414,VHF AM,RAF Weston-on-the-Green Radio 02,120.092
GB-0420,A/G,Tibenham Radio,129.98
GB-0440,Info,Tarn Farm Traffic,129.825
GB-0464,SafetyCom,Hunsdon Traffic,135.48
GB-0492,CTAF,Rattlesden Base,130.29
GB-0577,SafetyCom,Kirriemuir Traffic,132.475
GB-0615,A/G,Dunstable Radio,119.905
GB-0615,Competition,Competition Start/End,129.89
GB-0615,Glider-to-Glider,Glider-to-Glider 01,130.105
GB-0615,Glider-to-Glider,Glider-to-Glider 02,130.405
GB-0616,VHF,,118.685
GB-0762,Military,Salisbury Radio,122.755
GB-0815,Radio,Kittyhawk aerodrome,118.265
GB-0978,CTAF,Goodwood Traffic,122.455
GB-1102,SAFETYCOM,Baldardo Trattic,135.48
GB-1136,Radio,Middlezoy Traffic,129.83
GB-1209,RADIO,Rufforth Radio,123.815
GB-1222,APP,APP,134.05
GB-1222,APP,,369.52
GB-1222,ATIS,ATIS,279.15
GB-1222,GND,GND,122.1
GB-1222,GRN,,278.35
GB-1222,TWR,TWR,119.975
GB-1222,TWR,,126.85
GB-1273,A/G,Plockton Radio,131.91
GB-1274,A/G,,128.375
GB-1275,Radio,Breighton Radio,129.8
GB-1278,CTAF(R),Cark Radio,129.9
GB-1279,A/G,,120.15
GB-1281,A/G,Badminton Radio,123.175
GB-1361,Airband,,122.48
GB-1361,EGNX,,121.905
GB-DOC,App,Lossiemouth App,119.35
GB-ULL,A/G,Glenforsa Radio,128.8
GCFV,APP,CANARIAS APP,129.3
GCFV,ATIS,ATIS,118.65
GCFV,GND,GND,121.7
GCFV,TWR,TWR,118.5
GCGM,GND,GND,121.7
GCGM,TWR,TWR,118.4
GCHI,A/D,CANARIAS APP,126.1
GCHI,GND,GND,121.6
GCHI,TWR,TWR,118.1
GCLA,APP,CANARIAS APP,126.1
GCLA,ATIS,INFO,118.6
GCLA,GND,GND,121.8
GCLA,TWR,TWR,118.9
GCLP,APP,APP,120.9
GCLP,ATIS,ATIS,118.6
GCLP,GND,GND,121.7
GCLP,TWR,TWR,118.3
GCRR,APP,CANARIAS APP,129.3
GCRR,ATIS,ATIS,118.625
GCRR,GND,GND,121.8
GCRR,TWR,TWR,120.7
GCTS,APP,APP,120.3
GCTS,ATIS,ATIS,118.675
GCTS,DLV,,121.75
GCTS,GND,GND,121.9
GCTS,TWR,TWR,119
GCXO,APP,APP,124.8
GCXO,APP,App secondary,128.85
GCXO,ATIS,ATIS,118.575
GCXO,Emer,Emergency airport,243
GCXO,GND,GND,121.7
GCXO,TWR,TWR,118.7
GCXO,TWR,Local Mil,257.8
GEML,GND,GND,121.7
GEML,TWR,TWR,118.5
LEAB,APP,APP,118.725
LEAB,GND,GND,121.8
LEAB,TWR,TWR,122.1
LEAL,APP,APP,118.8
LEAL,ATIS,ATIS,113.8
LEAL,GND,GND,121.7
LEAL,TWR,TWR,118.15
LEAM,APP,APP,118.35
LEAM,GND,GND,121.7
LEAM,TWR,TWR,118.35
LEAS,APP,APP,118.15
LEAS,GND,GND,121.7
LEAS,TWR,TWR,118.15
LEAX,CTAF,Axarquia Traffic,123.5
LEBA,CTAF,CTAF,118.3
LEBB,APP,APP,120.7
LEBB,ATIS,ATIS,118.825
LEBB,GND,GND,121.7
LEBB,TWR,TWR,118.5
LEBE,INFO,Beas De Segura Information,123.5
LEBG,AFIS,Burgos Information,125.425
LEBG,UNIC,UNIC,122.4
LEBL,APP,APP,119.1
LEBL,ATIS,ATIS,118.65
LEBL,CLD,CLNC DEL,121.8
LEBL,GND,GND,121.65
LEBL,TWR,TWR,118.1
LEBZ,APP,APP,139.3
LEBZ,TWR,BADAJOZ TWR,122.1
LECD,TWR,TWR,123.5
LECH,APP,Valencia Approach,120.1
LECH,TWR,Castellon Tower,120.675
LECI,INFO,,123.5
LECN,CTAF,Castellón radio,123.5
LECO,APP,SANTIAGO APP,120.2
LECO,GND,GND,121.7
LECO,TWR,A Coruña TWR,118.3
LECU,GND,GND,121.8
LECU,TWR,TWR,118.7
LEDA,Approach,Barcelona Approach,127.7
LEDA,BAA Company Freq,BAA Flight School OPS Frequency,131.675
LEDA,Tower,Lleida Tower,121.325
LEFM,A/G,AERO CLUB,123.4
LEGA,GND,,121.825
LEGA,MIL,,122.1
LEGA,MIL,,139.3
LEGA,TWR,TWR,118.7
LEGE,APP,APP,120.9
LEGE,GND,GND,121.7
LEGE,TWR,TWR,118.5
LEGR,ATIS,,120.625
LEGR,GND,GND,121.925
LEGR,TWR,TWR,118.85
LEGT,APP,APP,127.1
LEGT,DEP,MADRID DEP,127.1
LEGT,GND,GND,121.6
LEGT,TWR,TWR,138.3
LEHC,LEHC_AFIS,Huesca Information,128.95
LEHC,LEZG_APP,Zaragoza Approach,119.3
LEIB,APP,PALMA APP,118.125
LEIB,APP,APP,119.8
LEIB,ATIS,ATIS,117.8
LEIB,GND,GND,121.8
LEIB,TWR,TWR,118.5
LEIG,Air/Air,,123.175
LEJR,APP,APP,128.5
LEJR,GND,GND,121.6
LEJR,TWR,TWR,118.55
LELC,APP,SAN JAVIER APP,130.3
LELC,GND,SAN JAVIER GND,121.6
LELC,TWR,SAN JAVIER TWR,130.3
LELL,ACBS,AEROCLUB BARCELONA SABADELL,123.5
LELL,GMC,Sabadell Ground,121.605
LELL,TWR,Sabadell Tower,120.805
LELN,APP,Leon Approach,121.28
LELN,TWR,Leon Tower,122.105
LELO,twr,,118.575
LELO,twr,base militar,123.225
LELT,CTAF,LILLO PAPAMOVIL,123.375
LEMD,APP,MADRID APP,127.5
LEMD,ATIS,ATIS,118.25
LEMD,ATIS DEP,ATIS Departure,130.85
LEMD,CLD,Delivery East,130.075
LEMD,CLD,Delivery West,130.35
LEMD,EMR,FIRE,122.975
LEMD,GND,GND,121.85
LEMD,TWR,TWR 36L,118.07
LEMD,TWR,TWR 14R,118.15
LEMD,TWR,TWR 36R,118.67
LEMD,TWR,TWR 14L,118.975
LEMG,APP,APP Dep,118.455
LEMG,APP,APP Arr,123.85
LEMG,ATIS,ATIS,120.375
LEMG,CLD,CLR DEL,121.88
LEMG,GND,GND-W,121.705
LEMG,GND,GND-E,121.95
LEMG,TWR,TWR-W (RWY 13-31),118.15
LEMG,TWR,TWR-E (RWY 12-30),118.775
LEMH,APP,APP,119.65
LEMH,ATIS,ATIS,112.6
LEMH,GND,GND,121.75
LEMH,TWR,TWR,118.2
LEMO,APP,SEVILLA APP,120
LEMO,GND,GND,25.89
LEMO,PMSV,PMSV METRO,28.442
LEMO,POST,496 ABS COMD POST,26.472
LEMO,PTD,PTD,27.537
LEMO,TWR,TWR,122.1
LEMR,RDO,"La Morgal Radio (A/A, ES)",123.5
LEMR,TWR,Asturias TWR,118.15
LEMT,VHF,,123.5
LEMU,RADIO,Muchamiel Radio,123.5
LENA,TWR,Benabarre FREQ. - Non controlled aerodrom,122.475
LEOC,UNIC,RUNWAY INFO SVC,122.6
LEOS,Info,,123.5
LEPA,APP,APP,118.95
LEPA,ATIS,ATIS,119.25
LEPA,CLD,CLNC DEL,123.88
LEPA,GND,GND,121.705
LEPA,OPS,OPS,130.25
LEPA,TWR,TWR,118.305
LEPI,RADIO,Casas De Los Pinos Radio,123.5
LEPP,APP,APP,118.2
LEPP,GND,GND,121.7
LEPP,TWR,TWR,118.2
LERE,LEVC_N_TACC,Valencia Approach,120.1
LERE,RADIO,Requena Radio,123.325
LERI,TWR,TWR,118.1
LERM,RF,Robledillo,123.325
LERP,VHF,,123.45
LERS,APP,APP,118.15
LERS,GND,GND,121.7
LERS,TWR,TWR,118.15
LERT,A/G,CW AOK,672.15
LERT,APP,SEVILLA APP,120.8
LERT,APP,APP,128.5
LERT,APP,APP,264.7
LERT,APP,APP,279
LERT,ATIS,ROTA INFORMATION,267.6
LERT,GCA,ROTA GCA,123.3
LERT,GCA,GCA,134.1
LERT,GND,GND,130.7
LERT,MISC,BASE OPS,126.2
LERT,TWR,ROTA TWR,119.75
LERT,TWR,TWR,122.1
LERT,TWR,HEL,122.225
LERT,TWR,TWR,139.3
LERT,TWR,TWR,257.8
LERT,TWR,TWR,306.85
LESA,APP,APP,124.4
LESA,GND,GND,121.85
LESA,TWR,TWR,139.3
LESB,APP,PALMA APP,119.4
LESB,ATIS,Son Bonet MET,128.275
LESB,CTAF,Son Bonet Radio,122.705
LESB,CTAF,Mallorca VFR,123.5
LESB,OPS,PALMA OPS,130.25
LESL,RDO,RDO,123.5
LESO,TWR,SAN SEBASTIAN TOWER,119.85
LEST,APP,APP,118.2
LEST,GND,GND,121.7
LEST,TWR,TWR,118.75
LESU,AFIS,"H24. Outside ATS op hrs, this frq for A/A communications.",122.205
LESU,AFIS,"ATS hours. Outside ATS op hrs, frq for G/A communications.",131.605
LESU,EMERG,Emergency,121.5
LETI,TWR,TWR,129.975
LETL,VHF,,122.675
LETO,APP,MADRID APP,118.4
LETO,GCA,GCA,118.9
LETO,GND,GND,118.3
LETO,TWR,TWR,122.1
LEVC,APP,APP,120.1
LEVC,ATIS,ATIS,121.075
LEVC,GND,GND,121.7
LEVC,TWR,TWR,118.55
LEVD,TWR,TWR,122.2
LEVT,GND,GND,121.8
LEVT,TWR,TWR,118.45
LEVX,APP,SANTIAGO APP,120.2
LEVX,GND,GND,121.7
LEVX,TWR,TWR,118.45
LEXJ,APP,APP,118.375
LEXJ,GND,GND,121.7
LEXJ,TWR,TWR,118.1
LEZG,APP,APP,119.3
LEZG,GND,GND,118.1
LEZG,TWR,TWR,118.1
LEZL,APP,Sevilla Aproximacion,125.8
LEZL,ATIS,ATIS,118.175
LEZL,GND,GND,121.7
